category_id	category_name	level	asset_path	stored_file	file_size
9510000000000000013	精选冻品	1	一级类目/精选冻品.jpg	a950888c-1be5-422b-a620-ce422cc8ccb3.jpg	1415506
9520000000000000055	冷冻肉禽	2	二级类目/冷冻肉禽.jpg	156ff065-6128-4b28-8156-41f3cb9caf4f.jpg	1214106
9520000000000000056	速冻面点	2	二级类目/速冻面点.jpg	5c3d2d7e-cf30-4a2a-96ca-40b520cd24f4.jpg	1059048
9520000000000000057	新鲜面食	2	二级类目/新鲜面食.jpg	1ffabe44-f254-42f7-b30a-da6cd6b856d3.jpg	1195633
9520000000000000058	方便速食	2	二级类目/方便速食.jpg	c9b76ac4-e476-47a0-a161-63bbd829a0b2.jpg	1157025
9520000000000000059	咖啡饮品	2	二级类目/咖啡饮品.jpg	c1582e7a-2128-40a7-a6df-0ebed7167d53.jpg	684324
9520000000000000060	茗茶	2	二级类目/茗茶.jpg	c6425478-8fe5-4eff-b7a2-7a2bd17d5de4.jpg	790450
9520000000000000061	冲调饮品	2	二级类目/冲调饮品.jpg	0d8b369e-22f0-4ea0-a698-d94f714f94c2.jpg	998932
9520000000000000062	火锅烧烤	2	二级类目/火锅烧烤.jpg	a391ddf7-bac5-4d97-931d-b2e297b6feac.jpg	1439559
9520000000000000063	罐头食品	2	二级类目/罐头食品.jpg	266ca190-2028-4d00-917f-a484fe816e88.jpg	912019
9520000000000000064	文具体育	2	二级类目/文具体育.jpg	c18c60fa-b14c-4caa-9230-622bbda69ced.jpg	836377
9520000000000000065	劳保用品	2	二级类目/劳保用品.jpg	d92cdd0c-9811-42e6-8201-e18e1a9fb558.jpg	1086651
