category_id	category_name	level	asset_path	stored_file	file_size
9510000000000000001	蔬菜	1	一级类目/蔬菜.jpg	811e3097-3297-517c-8cd3-a68abb886b5d.jpg	108122
9510000000000000002	水果	1	一级类目/水果.jpg	4da110f9-7661-50f0-af81-e9197545f933.jpg	85402
9510000000000000003	肉禽蛋	1	一级类目/肉禽蛋.jpg	44541e06-523e-585f-b2a7-88388cdc8c75.jpg	61010
9510000000000000004	海鲜水产	1	一级类目/海鲜水产.jpg	06303430-7745-5104-b9a5-072ae1042f3d.jpg	1318901
9510000000000000005	乳品烘焙	1	一级类目/乳品烘焙.jpg	63ab6b55-8bfb-56ab-b633-f49b722f3082.jpg	197882
9510000000000000006	熟食预制菜	1	一级类目/熟食预制菜.jpg	713e6001-1493-540e-9f36-bc061fd89330.jpg	94340
9510000000000000007	米面粮油	1	一级类目/米面粮油.jpg	7c5c8470-aef7-51df-a861-8630f7b73e5f.jpg	151685
9510000000000000008	休闲零食	1	一级类目/休闲零食.jpg	32b003a3-ea83-5a53-a4e3-5e475c2c9c9a.jpg	415543
9510000000000000009	酒水饮料	1	一级类目/酒水饮料.jpg	d912a375-2d39-5aaa-84aa-e0f87e2684bd.jpg	78497
9510000000000000010	个护清洁	1	一级类目/个护清洁.jpg	a2faf3a8-af8a-5d90-872a-275f531ef415.jpg	15297
9510000000000000011	日用百货	1	一级类目/日用百货.jpg	bbb62486-ff6e-52a3-8383-04436bd085e2.jpg	13289
9510000000000000012	鲜花绿植	1	一级类目/鲜花绿植.jpg	2d228933-e1b5-5195-8510-ccaed5322574.jpg	58430
9520000000000000001	叶菜类	2	二级类目/蔬菜/叶菜类.jpg	35a3b0ea-e273-5059-92dd-f2554863f01d.jpg	66116
9520000000000000002	根茎类	2	二级类目/蔬菜/根茎类.jpg	a7ab94ed-385b-5e8d-8116-390f1efc2806.jpg	71912
9520000000000000003	茄果瓜类	2	二级类目/蔬菜/茄果瓜类.jpg	dd37469f-0b1a-526e-8c01-53a4776b00de.jpg	22762
9520000000000000004	葱蒜椒	2	二级类目/蔬菜/葱蒜椒.jpg	fff4b328-8eed-5977-bcfa-69ba7a084272.jpg	270534
9520000000000000005	食用菌菇	2	二级类目/蔬菜/食用菌菇.jpg	bcd09cee-31aa-5cdc-916f-b3f0c410b212.jpg	158251
9520000000000000006	豆制品	2	二级类目/蔬菜/豆制品.jpg	006b72af-28ce-5be6-a160-3871fb55f2cd.jpg	72617
9520000000000000007	苹果梨	2	二级类目/水果/苹果梨.jpg	295b790e-23d9-570c-9f18-dd1f59881eff.jpg	66393
9520000000000000008	柑橘橙柚	2	二级类目/水果/柑橘橙柚.jpg	4362c046-bdd9-55e4-bc4c-0dcdedb528f2.jpg	122430
9520000000000000009	热带水果	2	二级类目/水果/热带水果.jpg	58f5eda7-8d78-57bc-a453-9cf53692d14b.jpg	52485
9520000000000000010	瓜类	2	二级类目/水果/瓜类.jpg	3e3bcea3-2902-5808-a96a-01f30536e801.jpg	23593
9520000000000000011	浆果葡萄	2	二级类目/水果/浆果葡萄.jpg	5ef4e019-f092-5559-ab01-2d88b881b7b4.jpg	43078
9520000000000000012	猪肉	2	二级类目/肉禽蛋/猪肉.jpg	d5bd0671-f5c3-5a11-88c0-2e3e044c9345.jpg	93801
9520000000000000013	牛肉	2	二级类目/肉禽蛋/牛肉.jpg	c9a83de7-7a72-561b-b7e7-5cf4ec661a3a.jpg	62002
9520000000000000014	羊肉	2	二级类目/肉禽蛋/羊肉.jpg	bd1022ec-bcb5-59cf-8ea6-71c76d1fe861.jpg	38064
9520000000000000015	禽肉	2	二级类目/肉禽蛋/禽肉.jpg	e3db51c3-dbdb-5dcd-8bac-9e227f39f06f.jpg	240980
9520000000000000016	蛋类	2	二级类目/肉禽蛋/蛋类.jpg	e4178722-f6cb-5d03-8de4-00359e694da9.jpg	37164
9520000000000000017	活鲜	2	二级类目/海鲜水产/活鲜.jpg	32e91f4a-6540-5c6e-9ce7-9c1f301f5be2.jpg	61034
9520000000000000018	冰鲜鱼	2	二级类目/海鲜水产/冰鲜鱼.jpg	d9be60c2-ba54-582f-a7b7-b85b67da957f.jpg	59572
9520000000000000019	虾蟹贝	2	二级类目/海鲜水产/虾蟹贝.jpg	ee23c1a0-e7f2-5050-b5da-81db671b84b7.jpg	180693
9520000000000000020	冷冻水产	2	二级类目/海鲜水产/冷冻水产.jpg	a09eb476-d537-5cc5-86f0-44ff78999417.jpg	91070
9520000000000000021	鲜奶	2	二级类目/乳品烘焙/鲜奶.jpg	ca10ce2f-109e-5c4e-b393-7aeef00baa76.jpg	13174
9520000000000000022	酸奶	2	二级类目/乳品烘焙/酸奶.jpg	22cf2eaf-c908-5cc8-92aa-8369e0645e3b.jpg	75813
9520000000000000023	常温乳品	2	二级类目/乳品烘焙/常温乳品.jpg	f1b645a9-1eef-5ea2-93c0-4630ba1cb661.jpg	62088
9520000000000000024	面包烘焙	2	二级类目/乳品烘焙/面包烘焙.jpg	1eaba45e-7c87-5975-a64d-6f45619df071.jpg	43156
9520000000000000025	快手菜	2	二级类目/熟食预制菜/快手菜.jpg	d80b85c1-4299-5021-981f-36336b8f9ccf.jpg	72454
9520000000000000026	预制菜肴	2	二级类目/熟食预制菜/预制菜肴.jpg	11e65f4d-a7b7-50d5-85c6-db88366f9aa8.jpg	128234
9520000000000000027	卤味熟食	2	二级类目/熟食预制菜/卤味熟食.jpg	b599aa65-a790-5f24-bc64-61baba22e931.jpg	60590
9520000000000000028	面点主食	2	二级类目/熟食预制菜/面点主食.jpg	bc1c972d-f06e-50aa-b4b5-994719bef3ed.jpg	14560
9520000000000000029	大米面粉	2	二级类目/米面粮油/大米面粉.jpg	456c36ae-3e5a-515f-a1be-02c5900794f0.jpg	16860
9520000000000000030	杂粮	2	二级类目/米面粮油/杂粮.jpg	1bb5fb9b-51bd-51b4-9557-2165a98c55dd.jpg	250540
9520000000000000031	食用油	2	二级类目/米面粮油/食用油.jpg	4358fecb-11ac-528f-8983-ead8e683bb54.jpg	41847
9520000000000000032	调味品	2	二级类目/米面粮油/调味品.jpg	fad75fac-20d5-55ad-84a7-9f2069da1669.jpg	67807
9520000000000000033	坚果炒货	2	二级类目/休闲零食/坚果炒货.jpg	63e5c8fb-bb4e-59ac-8045-11b93536641c.jpg	113719
9520000000000000034	膨化食品	2	二级类目/休闲零食/膨化食品.jpg	ac04a01e-381e-5e05-a088-e00efa7b72ff.jpg	39131
9520000000000000035	饼干糕点	2	二级类目/休闲零食/饼干糕点.jpg	c46fa196-4b6f-5dfa-862d-f3648dbc695b.jpg	32738
9520000000000000036	糖果巧克力	2	二级类目/休闲零食/糖果巧克力.jpg	e47306e0-6797-50dc-8c48-9d2533e564c9.jpg	42749
9520000000000000037	果干蜜饯	2	二级类目/休闲零食/果干蜜饯.jpg	c1c69397-9bc7-5b9b-b774-64f0878097e3.jpg	69572
9520000000000000038	饮用水	2	二级类目/酒水饮料/饮用水.jpg	bad226fa-3411-5326-beb4-0171ed8ccf4a.jpg	36679
9520000000000000039	碳酸饮料	2	二级类目/酒水饮料/碳酸饮料.jpg	8eca7eb8-77bf-527c-b7a9-117e54d60c62.jpg	69177
9520000000000000040	果汁茶饮	2	二级类目/酒水饮料/果汁茶饮.jpg	44640e27-ac17-57fe-9e24-f38a3baf4442.jpg	44734
9520000000000000041	啤酒	2	二级类目/酒水饮料/啤酒.jpg	74cd9798-26cb-56de-aec8-e98b09d98739.jpg	24795
9520000000000000042	白酒红酒	2	二级类目/酒水饮料/白酒红酒.jpg	1d4c0431-0932-5330-ad96-1ebc8563a584.jpg	35202
9520000000000000043	洗发沐浴	2	二级类目/个护清洁/洗发沐浴.jpg	c5a20b45-7f88-5a0f-9f3e-1e07dc4d294f.jpg	130171
9520000000000000044	口腔护理	2	二级类目/个护清洁/口腔护理.jpg	eaf108ef-726a-5103-9cbd-cb0507352473.jpg	65431
9520000000000000045	纸品湿巾	2	二级类目/个护清洁/纸品湿巾.jpg	7b8ac67a-6a1c-5db1-b403-fa5eae15b48b.jpg	120442
9520000000000000046	家庭清洁	2	二级类目/个护清洁/家庭清洁.jpg	34b916cd-e464-5c47-9771-af81ea987486.jpg	14723
9520000000000000047	厨房用品	2	二级类目/日用百货/厨房用品.jpg	0a3c0999-fe11-5b33-a99f-d950f88318df.jpg	879227
9520000000000000048	家居收纳	2	二级类目/日用百货/家居收纳.jpg	c95dda32-e0fe-5b86-83d0-b965e1a5f0b9.jpg	56117
9520000000000000049	一次性用品	2	二级类目/日用百货/一次性用品.jpg	0afa3fd1-b950-5d45-90a9-f6cded92673f.jpg	205982
9520000000000000050	鲜切花	2	二级类目/鲜花绿植/鲜切花.jpg	148b5bcc-88db-552c-8b0e-cdf88e40cae0.jpg	51891
9520000000000000051	绿植多肉	2	二级类目/鲜花绿植/绿植多肉.jpg	a91e308e-4178-5ea0-b1f9-a792975cffe7.jpg	378418
